station_id,city,month,days,tmax_median_c,peak_hour_median,daily_range_median_c,warmup_am_median_c,warmup_noon_median_c,late_ramp_median_c,afternoon_dew_median_c,morning_low_ceiling_share,midday_low_ceiling_share,reduced_visibility_share,precip_day_share,late_surge_share,cloud_break_share,dry_mixing_share,humid_sticky_share
CYYZ,Toronto,1,124,0.0,15.0,6.0,0.9000000000000006,1.0749999999999997,0.0,-6.75,0.5080645161290323,0.49193548387096775,0.3951612903225806,0.3629032258064516,0.13709677419354838,0.03225806451612903,0.0,0.0
CYYZ,Toronto,2,113,2.0,15.0,7.0,1.8,2.025,0.07499999999999996,-6.0,0.3008849557522124,0.2831858407079646,0.3893805309734513,0.26548672566371684,0.21238938053097345,0.05309734513274336,0.017699115044247787,0.0
CYYZ,Toronto,3,120,5.0,15.708333333333332,7.0,1.975,2.0,0.10000000000000009,-2.15,0.26666666666666666,0.35,0.3416666666666667,0.30833333333333335,0.375,0.05,0.11666666666666667,0.0
CYYZ,Toronto,4,120,12.0,17.0,8.25,2.5,2.0,1.0,0.925,0.19166666666666668,0.2833333333333333,0.23333333333333334,0.275,0.5083333333333333,0.058333333333333334,0.16666666666666666,0.0
CYYZ,Toronto,5,124,20.0,17.0,9.75,4.0,2.0,1.0,8.3,0.16129032258064516,0.1693548387096774,0.12903225806451613,0.21774193548387097,0.4838709677419355,0.016129032258064516,0.2661290322580645,0.008064516129032258
CYYZ,Toronto,6,120,24.0,16.0,9.100000000000001,4.0,2.0250000000000004,1.0,12.875,0.125,0.125,0.1,0.20833333333333334,0.49166666666666664,0.016666666666666666,0.24166666666666667,0.1
CYYZ,Toronto,7,124,27.299999999999997,17.0,9.05,4.125,2.0,1.0,16.8,0.056451612903225805,0.08870967741935484,0.10483870967741936,0.16129032258064516,0.49193548387096775,0.016129032258064516,0.18548387096774194,0.12903225806451613
CYYZ,Toronto,8,117,26.0,16.0,9.0,4.25,2.0500000000000007,1.0,15.3,0.15384615384615385,0.1623931623931624,0.07692307692307693,0.15384615384615385,0.47863247863247865,0.05128205128205128,0.1111111111111111,0.1452991452991453
CYYZ,Toronto,9,90,23.0,15.5,9.0,4.0,3.0,0.07500000000000107,14.8,0.13333333333333333,0.18888888888888888,0.06666666666666667,0.15555555555555556,0.3111111111111111,0.022222222222222223,0.1,0.1111111111111111
CYYZ,Toronto,10,93,15.0,16.0,9.0,3.0,3.0,0.8499999999999996,5.8,0.11827956989247312,0.1827956989247312,0.053763440860215055,0.17204301075268819,0.3333333333333333,0.043010752688172046,0.15053763440860216,0.010752688172043012
CYYZ,Toronto,11,87,9.0,15.0,7.0,1.8250000000000002,1.7999999999999998,-0.25,0.0,0.3103448275862069,0.26436781609195403,0.19540229885057472,0.20689655172413793,0.12643678160919541,0.05747126436781609,0.04597701149425287,0.0
CYYZ,Toronto,12,94,3.0,15.0,5.0,1.0,1.0,-0.06250000000000008,-3.0,0.4787234042553192,0.48936170212765956,0.425531914893617,0.32978723404255317,0.07446808510638298,0.0,0.0,0.0
EDDM,Munich,1,124,4.0,15.333333333333334,7.0,1.5,1.0,-1.0,-0.5,0.6129032258064516,0.6774193548387096,0.43548387096774194,0.0,0.03225806451612903,0.008064516129032258,0.0,0.0
EDDM,Munich,2,113,8.0,15.833333333333334,8.0,2.5,2.0,0.0,1.0,0.5929203539823009,0.5929203539823009,0.2920353982300885,0.0,0.12389380530973451,0.0,0.0,0.0
EDDM,Munich,3,120,12.0,16.333333333333332,11.0,5.0,3.0,0.0,2.0,0.38333333333333336,0.44166666666666665,0.18333333333333332,0.0,0.24166666666666667,0.0,0.0,0.0
EDDM,Munich,4,120,14.0,17.333333333333332,11.0,4.0,2.5,1.0,4.75,0.425,0.525,0.13333333333333333,0.0,0.5416666666666666,0.0,0.0,0.0
EDDM,Munich,5,123,20.0,17.333333333333332,12.0,4.5,2.5,1.0,9.0,0.37398373983739835,0.45528455284552843,0.10569105691056911,0.0,0.5284552845528455,0.0,0.0,0.0
EDDM,Munich,6,120,25.0,17.833333333333332,13.0,4.5,2.5,1.125,12.0,0.2916666666666667,0.3,0.06666666666666667,0.0,0.6583333333333333,0.0,0.0,0.016666666666666666
EDDM,Munich,7,124,25.0,17.833333333333332,11.5,4.0,2.5,1.0,12.5,0.33064516129032256,0.4274193548387097,0.07258064516129033,0.0,0.5725806451612904,0.0,0.0,0.016129032258064516
EDDM,Munich,8,116,26.0,17.333333333333332,13.0,5.5,3.0,1.0,14.75,0.28448275862068967,0.3448275862068966,0.1810344827586207,0.0,0.5948275862068966,0.0,0.0,0.04310344827586207
EDDM,Munich,9,90,21.0,17.083333333333332,11.0,5.0,3.0,0.5,12.75,0.34444444444444444,0.4666666666666667,0.34444444444444444,0.0,0.4666666666666667,0.0,0.0,0.0
EDDM,Munich,10,93,16.0,16.333333333333332,11.0,3.5,3.0,0.0,10.5,0.3978494623655914,0.46236559139784944,0.5483870967741935,0.0,0.24731182795698925,0.0,0.0,0.0
EDDM,Munich,11,86,9.0,14.833333333333334,7.0,2.0,1.5,-1.0,4.0,0.686046511627907,0.6976744186046512,0.5,0.0,0.023255813953488372,0.0,0.0,0.0
EDDM,Munich,12,93,4.0,15.333333333333334,5.0,1.0,1.0,-1.0,0.0,0.6559139784946236,0.6344086021505376,0.5376344086021505,0.0,0.07526881720430108,0.0,0.0,0.0
EGLC,London,1,124,8.5,15.583333333333334,5.0,1.0,1.0,-0.5,2.0,0.4274193548387097,0.41935483870967744,0.33064516129032256,0.0,0.06451612903225806,0.008064516129032258,0.0,0.0
EGLC,London,2,113,10.0,15.833333333333334,5.0,1.5,1.0,-0.5,4.0,0.4424778761061947,0.5132743362831859,0.23893805309734514,0.0,0.04424778761061947,0.017699115044247787,0.0,0.0
EGLC,London,3,120,13.0,15.833333333333334,6.0,2.0,1.5,0.0,4.5,0.4666666666666667,0.43333333333333335,0.35833333333333334,0.0,0.14166666666666666,0.058333333333333334,0.125,0.0
EGLC,London,4,120,14.5,16.333333333333332,7.0,3.0,2.0,0.0,4.5,0.24166666666666667,0.30833333333333335,0.175,0.0,0.21666666666666667,0.09166666666666666,0.175,0.0
EGLC,London,5,123,18.0,16.833333333333332,8.0,3.0,2.0,0.5,8.5,0.36585365853658536,0.42276422764227645,0.16260162601626016,0.0,0.34146341463414637,0.0975609756097561,0.17073170731707318,0.0
EGLC,London,6,120,22.0,16.833333333333332,9.0,3.5,2.5,0.5,10.0,0.24166666666666667,0.21666666666666667,0.058333333333333334,0.0,0.39166666666666666,0.125,0.2833333333333333,0.0
EGLC,London,7,124,23.0,17.333333333333332,8.0,3.0,2.0,0.5,11.5,0.2903225806451613,0.3225806451612903,0.06451612903225806,0.0,0.41935483870967744,0.04032258064516129,0.27419354838709675,0.0
EGLC,London,8,116,24.0,16.583333333333332,8.0,3.5,2.5,0.5,11.75,0.20689655172413793,0.21551724137931033,0.07758620689655173,0.0,0.3793103448275862,0.11206896551724138,0.21551724137931033,0.008620689655172414
EGLC,London,9,90,20.0,16.333333333333332,7.0,2.5,2.0,0.0,12.5,0.3333333333333333,0.3,0.3111111111111111,0.0,0.25555555555555554,0.08888888888888889,0.1111111111111111,0.0
EGLC,London,10,93,17.0,16.333333333333332,6.0,2.0,2.0,0.0,10.5,0.3225806451612903,0.3118279569892473,0.1827956989247312,0.0,0.11827956989247312,0.03225806451612903,0.021505376344086023,0.0
EGLC,London,11,86,12.0,14.833333333333334,4.5,1.5,1.0,-0.75,7.0,0.46511627906976744,0.4186046511627907,0.3488372093023256,0.0,0.03488372093023256,0.011627906976744186,0.0,0.0
EGLC,London,12,92,10.0,15.833333333333334,4.0,1.0,1.0,-0.5,5.0,0.5543478260869565,0.5760869565217391,0.40217391304347827,0.0,0.08695652173913043,0.0,0.0,0.0
KATL,Atlanta,1,124,11.7,15.866666666666667,9.450000000000001,3.35,3.1750000000000007,0.6999999999999993,-1.7,0.3467741935483871,0.3548387096774194,0.2903225806451613,0.5,0.1774193548387097,0.008064516129032258,0.1693548387096774,0.0
KATL,Atlanta,2,113,17.8,16.0,11.1,3.9000000000000004,3.3499999999999996,1.1000000000000014,2.5,0.39823008849557523,0.30973451327433627,0.21238938053097345,0.39823008849557523,0.30973451327433627,0.017699115044247787,0.3008849557522124,0.0
KATL,Atlanta,3,124,21.05,16.866666666666667,11.100000000000001,4.1499999999999995,4.149999999999999,1.5999999999999979,5.6,0.3064516129032258,0.28225806451612906,0.27419354838709675,0.41935483870967744,0.4435483870967742,0.06451612903225806,0.3548387096774194,0.0
KATL,Atlanta,4,120,24.4,17.0,10.85,4.725,3.400000000000002,1.1000000000000014,11.1,0.3,0.275,0.16666666666666666,0.4666666666666667,0.38333333333333336,0.06666666666666667,0.25833333333333336,0.008333333333333333
KATL,Atlanta,5,124,27.8,17.0,9.400000000000002,3.799999999999999,2.8000000000000007,1.0999999999999979,15.725000000000001,0.3467741935483871,0.33064516129032256,0.20161290322580644,0.5080645161290323,0.31451612903225806,0.07258064516129033,0.08870967741935484,0.14516129032258066
KATL,Atlanta,6,120,31.7,17.0,9.5,4.399999999999999,2.8000000000000007,0.9749999999999979,18.525,0.15833333333333333,0.15,0.2,0.48333333333333334,0.225,0.016666666666666666,0.10833333333333334,0.4
KATL,Atlanta,7,124,32.8,16.866666666666667,9.499999999999996,4.400000000000002,2.799999999999999,0.6000000000000014,20.975,0.1935483870967742,0.1693548387096774,0.13709677419354838,0.5887096774193549,0.1935483870967742,0.024193548387096774,0.024193548387096774,0.6451612903225806
KATL,Atlanta,8,119,31.7,16.866666666666667,9.400000000000002,4.399999999999999,2.8000000000000043,1.0999999999999979,20.6,0.3025210084033613,0.2689075630252101,0.17647058823529413,0.5378151260504201,0.2184873949579832,0.07563025210084033,0.008403361344537815,0.5462184873949579
KATL,Atlanta,9,90,28.3,16.866666666666667,9.2,4.299999999999999,2.8000000000000007,0.5999999999999979,17.2,0.25555555555555554,0.28888888888888886,0.15555555555555556,0.34444444444444444,0.15555555555555556,0.011111111111111112,0.1,0.25555555555555554
KATL,Atlanta,10,93,24.4,15.866666666666667,11.100000000000001,5.599999999999998,3.8999999999999986,0.6000000000000014,11.1,0.17204301075268819,0.16129032258064516,0.0967741935483871,0.17204301075268819,0.15053763440860216,0.053763440860215055,0.25806451612903225,0.021505376344086023
KATL,Atlanta,11,90,19.15,15.866666666666667,9.399999999999999,4.0,3.0749999999999993,0.0,8.100000000000001,0.36666666666666664,0.3111111111111111,0.28888888888888886,0.23333333333333334,0.03333333333333333,0.022222222222222223,0.1,0.044444444444444446
KATL,Atlanta,12,93,13.9,15.866666666666667,9.5,3.5999999999999996,3.3000000000000007,0.3000000000000007,1.1,0.44086021505376344,0.3763440860215054,0.34408602150537637,0.34408602150537637,0.08602150537634409,0.03225806451612903,0.13978494623655913,0.0
KDAL,Dallas,1,124,13.9,15.883333333333333,11.399999999999999,4.4,3.8499999999999996,0.375,-1.4,0.2903225806451613,0.27419354838709675,0.1935483870967742,0.20161290322580644,0.06451612903225806,0.056451612903225805,0.1935483870967742,0.0
KDAL,Dallas,2,113,18.9,15.883333333333333,12.2,4.200000000000001,3.4,0.5,2.2,0.37168141592920356,0.2920353982300885,0.23893805309734514,0.26548672566371684,0.13274336283185842,0.061946902654867256,0.18584070796460178,0.0
KDAL,Dallas,3,124,22.2,16.883333333333333,11.099999999999998,3.999999999999999,3.8999999999999986,1.1000000000000005,7.2,0.3225806451612903,0.29838709677419356,0.1935483870967742,0.3629032258064516,0.31451612903225806,0.04838709677419355,0.18548387096774194,0.008064516129032258
KDAL,Dallas,4,120,25.6,16.883333333333333,9.75,3.4000000000000012,3.3000000000000007,1.0999999999999979,12.2,0.49166666666666664,0.475,0.15833333333333333,0.38333333333333336,0.26666666666666666,0.05,0.14166666666666666,0.10833333333333334
KDAL,Dallas,5,124,30.0,16.883333333333333,9.5,3.799999999999997,2.8000000000000007,1.099999999999996,18.3,0.3870967741935484,0.3387096774193548,0.14516129032258066,0.45161290322580644,0.18548387096774194,0.04032258064516129,0.03225806451612903,0.2903225806451613
KDAL,Dallas,6,120,33.9,16.883333333333333,8.900000000000002,3.8999999999999986,3.1999999999999993,1.1000000000000014,20.6,0.2,0.20833333333333334,0.10833333333333334,0.2833333333333333,0.3,0.025,0.008333333333333333,0.5583333333333333
KDAL,Dallas,7,124,36.1,16.883333333333333,9.999999999999996,4.399999999999999,3.299999999999999,1.1000000000000014,19.4,0.13709677419354838,0.0967741935483871,0.024193548387096774,0.25806451612903225,0.3629032258064516,0.024193548387096774,0.056451612903225805,0.43548387096774194
KDAL,Dallas,8,119,36.7,16.883333333333333,10.0,4.399999999999999,3.3999999999999986,1.1000000000000014,19.4,0.06722689075630252,0.10084033613445378,0.04201680672268908,0.15126050420168066,0.3277310924369748,0.0,0.10084033613445378,0.33613445378151263
KDAL,Dallas,9,90,32.8,16.883333333333333,10.600000000000001,5.0,3.3000000000000007,1.1000000000000014,17.8,0.14444444444444443,0.13333333333333333,0.06666666666666667,0.28888888888888886,0.2777777777777778,0.03333333333333333,0.14444444444444443,0.18888888888888888
KDAL,Dallas,10,93,28.3,16.883333333333333,11.200000000000003,5.5,3.900000000000002,1.0999999999999979,10.6,0.1935483870967742,0.17204301075268819,0.0967741935483871,0.21505376344086022,0.21505376344086022,0.021505376344086023,0.3225806451612903,0.043010752688172046
KDAL,Dallas,11,90,20.3,15.883333333333333,10.0,4.699999999999999,2.6999999999999993,0.0,7.5,0.4222222222222222,0.3333333333333333,0.25555555555555554,0.25555555555555554,0.1111111111111111,0.022222222222222223,0.08888888888888889,0.06666666666666667
KDAL,Dallas,12,94,17.2,15.883333333333333,10.0,3.9000000000000004,2.8,0.0,3.3,0.3404255319148936,0.32978723404255317,0.2765957446808511,0.2765957446808511,0.0425531914893617,0.02127659574468085,0.10638297872340426,0.0
KLGA,New York,1,124,5.3,14.85,5.0,1.1750000000000003,1.35,0.0,-6.1,0.31451612903225806,0.3951612903225806,0.27419354838709675,0.5,0.12096774193548387,0.008064516129032258,0.008064516129032258,0.0
KLGA,New York,2,113,6.7,16.0,6.7,1.9500000000000002,1.95,0.2999999999999998,-6.1,0.21238938053097345,0.23893805309734514,0.23893805309734514,0.4336283185840708,0.26548672566371684,0.0,0.05309734513274336,0.0
KLGA,New York,3,124,11.1,15.85,7.200000000000001,2.2,2.4749999999999996,0.1250000000000009,-2.525,0.28225806451612906,0.2903225806451613,0.28225806451612906,0.5080645161290323,0.31451612903225806,0.03225806451612903,0.1935483870967742,0.0
KLGA,New York,4,120,15.0,15.85,7.699999999999999,2.1999999999999993,2.1999999999999993,0.5,0.9750000000000001,0.30833333333333335,0.325,0.24166666666666667,0.5166666666666667,0.23333333333333334,0.08333333333333333,0.21666666666666667,0.0
KLGA,New York,5,124,21.7,15.85,7.8,2.799999999999999,2.4499999999999975,0.12500000000000355,7.925000000000001,0.3064516129032258,0.29838709677419356,0.23387096774193547,0.5161290322580645,0.2903225806451613,0.056451612903225805,0.21774193548387097,0.008064516129032258
KLGA,New York,6,120,26.7,15.85,8.3,2.8000000000000007,2.1999999999999993,0.0,13.3,0.23333333333333334,0.275,0.16666666666666666,0.5,0.23333333333333334,0.041666666666666664,0.16666666666666666,0.08333333333333333
KLGA,New York,7,124,30.3,15.85,7.699999999999999,3.1499999999999986,2.1999999999999993,0.0,17.924999999999997,0.1693548387096774,0.1693548387096774,0.12903225806451613,0.5645161290322581,0.20967741935483872,0.024193548387096774,0.0967741935483871,0.1774193548387097
KLGA,New York,8,119,28.9,15.85,7.200000000000003,2.8000000000000007,2.200000000000003,0.0,15.6,0.2184873949579832,0.24369747899159663,0.16806722689075632,0.4789915966386555,0.16806722689075632,0.0,0.12605042016806722,0.16806722689075632
KLGA,New York,9,90,25.0,15.85,6.7,2.749999999999999,2.1999999999999993,0.27500000000000036,12.8,0.2777777777777778,0.24444444444444444,0.14444444444444443,0.4222222222222222,0.26666666666666666,0.022222222222222223,0.06666666666666667,0.12222222222222222
KLGA,New York,10,93,18.9,15.85,7.199999999999999,2.8,2.700000000000001,0.0,6.1,0.22580645161290322,0.25806451612903225,0.13978494623655913,0.34408602150537637,0.20430107526881722,0.021505376344086023,0.13978494623655913,0.010752688172043012
KLGA,New York,11,90,12.8,14.85,6.6000000000000005,2.1999999999999997,1.95,-0.2999999999999994,0.0,0.2111111111111111,0.23333333333333334,0.1111111111111111,0.3,0.1111111111111111,0.011111111111111112,0.06666666666666667,0.0
KLGA,New York,12,94,7.2,14.85,5.0,1.4499999999999993,1.3749999999999996,0.0,-3.3,0.35106382978723405,0.3829787234042553,0.2978723404255319,0.5106382978723404,0.10638297872340426,0.031914893617021274,0.010638297872340425,0.0
KMIA,Miami,1,124,25.6,14.366666666666667,7.800000000000001,3.5999999999999996,1.7000000000000028,-0.5000000000000009,16.1,0.23387096774193547,0.3387096774193548,0.11290322580645161,0.3064516129032258,0.07258064516129033,0.03225806451612903,0.20161290322580644,0.0
KMIA,Miami,2,113,26.7,13.883333333333333,7.199999999999999,3.6000000000000014,1.1499999999999986,-0.8499999999999979,17.8,0.21238938053097345,0.34513274336283184,0.061946902654867256,0.24778761061946902,0.07079646017699115,0.04424778761061947,0.10619469026548672,0.0
KMIA,Miami,3,124,27.8,14.883333333333333,7.199999999999999,3.6499999999999986,1.375,-0.5500000000000007,18.3,0.11290322580645161,0.33064516129032256,0.056451612903225805,0.3225806451612903,0.08064516129032258,0.008064516129032258,0.16129032258064516,0.008064516129032258
KMIA,Miami,4,120,28.9,14.883333333333333,6.150000000000002,3.25,1.1500000000000021,-0.5749999999999993,18.9,0.13333333333333333,0.3416666666666667,0.058333333333333334,0.36666666666666664,0.041666666666666664,0.025,0.1,0.016666666666666666
KMIA,Miami,5,124,31.1,14.883333333333333,6.699999999999999,3.299999999999997,1.1000000000000014,-0.6000000000000014,21.125,0.04838709677419355,0.24193548387096775,0.04838709677419355,0.49193548387096775,0.04838709677419355,0.016129032258064516,0.0967741935483871,0.08064516129032258
KMIA,Miami,6,120,31.7,14.866666666666667,6.6,2.8000000000000007,0.5999999999999996,-0.5999999999999979,23.3,0.03333333333333333,0.15833333333333333,0.09166666666666666,0.7916666666666666,0.06666666666666667,0.0,0.0,0.30833333333333335
KMIA,Miami,7,124,32.8,14.883333333333333,6.099999999999998,2.8000000000000007,1.0999999999999996,-0.3000000000000007,23.9,0.024193548387096774,0.14516129032258066,0.11290322580645161,0.6774193548387096,0.08064516129032258,0.04032258064516129,0.024193548387096774,0.5
KMIA,Miami,8,119,33.3,14.883333333333333,6.600000000000001,2.8000000000000007,1.0999999999999943,-0.6000000000000014,23.9,0.01680672268907563,0.21008403361344538,0.11764705882352941,0.7478991596638656,0.058823529411764705,0.01680672268907563,0.025210084033613446,0.40336134453781514
KMIA,Miami,9,90,32.2,14.0,6.699999999999999,3.3000000000000007,1.1000000000000014,-0.8250000000000011,23.9,0.03333333333333333,0.16666666666666666,0.14444444444444443,0.8,0.022222222222222223,0.0,0.0,0.34444444444444444
KMIA,Miami,10,93,30.0,14.883333333333333,6.099999999999998,3.299999999999997,1.0999999999999979,-0.5999999999999979,21.1,0.12903225806451613,0.3225806451612903,0.06451612903225806,0.5698924731182796,0.043010752688172046,0.010752688172043012,0.053763440860215055,0.22580645161290322
KMIA,Miami,11,90,29.2,13.883333333333333,6.100000000000001,3.325000000000001,1.0999999999999979,-1.0999999999999979,20.0,0.3,0.35555555555555557,0.07777777777777778,0.37777777777777777,0.03333333333333333,0.044444444444444446,0.044444444444444446,0.05555555555555555
KMIA,Miami,12,93,26.1,13.883333333333333,7.199999999999999,3.5624999999999982,1.25,-0.8000000000000007,17.2,0.22580645161290322,0.3655913978494624,0.053763440860215055,0.43010752688172044,0.043010752688172046,0.043010752688172046,0.07526881720430108,0.0
KORD,Chicago,1,124,1.1,14.925,6.100000000000001,1.3750000000000002,1.0999999999999996,-0.5749999999999997,-6.1,0.46774193548387094,0.43548387096774194,0.47580645161290325,0.4435483870967742,0.056451612903225805,0.024193548387096774,0.008064516129032258,0.0
KORD,Chicago,2,113,5.0,15.0,8.9,3.3000000000000007,1.7000000000000002,-0.5000000000000009,-5.0,0.3008849557522124,0.22123893805309736,0.25663716814159293,0.3274336283185841,0.061946902654867256,0.02654867256637168,0.07079646017699115,0.0
KORD,Chicago,3,124,9.4,15.333333333333334,8.399999999999999,2.95,2.2,0.0,-1.1,0.31451612903225806,0.31451612903225806,0.3548387096774194,0.4838709677419355,0.25806451612903225,0.04032258064516129,0.12903225806451613,0.0
KORD,Chicago,4,120,14.4,16.0,8.6,3.1000000000000005,2.1750000000000003,0.5749999999999993,2.2,0.24166666666666667,0.2833333333333333,0.20833333333333334,0.6416666666666667,0.325,0.016666666666666666,0.15833333333333333,0.0
KORD,Chicago,5,124,22.2,16.0,10.0,4.425000000000001,1.9499999999999993,0.5249999999999995,7.8,0.25,0.18548387096774194,0.16129032258064516,0.46774193548387094,0.3225806451612903,0.04032258064516129,0.22580645161290322,0.016129032258064516
KORD,Chicago,6,120,28.9,16.0,10.0,4.4499999999999975,2.1999999999999993,0.5,13.9,0.125,0.08333333333333333,0.21666666666666667,0.5333333333333333,0.3416666666666667,0.025,0.2833333333333333,0.1
KORD,Chicago,7,124,28.9,15.85,9.399999999999999,4.025,1.9000000000000004,0.29999999999999893,17.625,0.11290322580645161,0.1532258064516129,0.20161290322580644,0.5403225806451613,0.25,0.024193548387096774,0.06451612903225806,0.22580645161290322
KORD,Chicago,8,117,27.8,15.85,8.900000000000002,4.450000000000003,1.9499999999999993,0.0,16.7,0.13675213675213677,0.1623931623931624,0.1452991452991453,0.3418803418803419,0.20512820512820512,0.02564102564102564,0.05128205128205128,0.20512820512820512
KORD,Chicago,9,90,25.6,15.85,9.399999999999999,5.149999999999999,2.1999999999999993,0.0,13.45,0.18888888888888888,0.18888888888888888,0.08888888888888889,0.4666666666666667,0.18888888888888888,0.022222222222222223,0.25555555555555554,0.022222222222222223
KORD,Chicago,10,93,18.9,15.85,9.999999999999998,4.75,2.5000000000000018,0.25,4.4,0.17204301075268819,0.17204301075268819,0.0967741935483871,0.46236559139784944,0.23655913978494625,0.010752688172043012,0.27956989247311825,0.0
KORD,Chicago,11,90,11.7,14.85,7.799999999999999,2.8,1.3750000000000002,-1.1000000000000014,1.4,0.32222222222222224,0.3,0.17777777777777778,0.3333333333333333,0.03333333333333333,0.022222222222222223,0.06666666666666667,0.0
KORD,Chicago,12,94,4.4,15.0,5.5,1.65,1.1,-0.6000000000000001,-1.85,0.5106382978723404,0.5319148936170213,0.32978723404255317,0.3404255319148936,0.07446808510638298,0.010638297872340425,0.010638297872340425,0.0
KSEA,Seattle,1,124,7.8,14.883333333333333,5.0,1.1,1.5000000000000009,-0.2749999999999996,2.8,0.5483870967741935,0.5241935483870968,0.4838709677419355,0.6048387096774194,0.008064516129032258,0.016129032258064516,0.0,0.0
KSEA,Seattle,2,113,8.3,15.233333333333333,5.000000000000001,1.6000000000000005,1.6000000000000005,0.0,2.2,0.4778761061946903,0.5132743362831859,0.3893805309734513,0.5752212389380531,0.017699115044247787,0.0,0.017699115044247787,0.0
KSEA,Seattle,3,124,10.85,16.0,6.6000000000000005,2.1750000000000003,2.3,0.29999999999999893,2.8,0.47580645161290325,0.3467741935483871,0.20161290322580644,0.6532258064516129,0.08870967741935484,0.024193548387096774,0.04838709677419355,0.0
KSEA,Seattle,4,120,12.8,17.0,7.199999999999999,2.299999999999999,2.549999999999999,0.8499999999999996,3.3,0.4583333333333333,0.2916666666666667,0.15833333333333333,0.6583333333333333,0.21666666666666667,0.041666666666666664,0.18333333333333332,0.0
KSEA,Seattle,5,124,17.2,17.0,8.400000000000002,2.8000000000000003,2.799999999999999,1.1000000000000014,6.550000000000001,0.3951612903225806,0.27419354838709675,0.14516129032258066,0.5241935483870968,0.31451612903225806,0.06451612903225806,0.23387096774193547,0.0
KSEA,Seattle,6,120,20.85,17.441666666666666,9.5,2.8,3.174999999999999,1.3000000000000007,9.025,0.4,0.23333333333333334,0.13333333333333333,0.35833333333333334,0.44166666666666665,0.11666666666666667,0.325,0.0
KSEA,Seattle,7,124,25.6,17.883333333333333,11.95,3.8249999999999984,3.8999999999999986,2.1999999999999957,11.1,0.2661290322580645,0.0967741935483871,0.04838709677419355,0.11290322580645161,0.6129032258064516,0.14516129032258066,0.5725806451612904,0.0
KSEA,Seattle,8,119,25.0,17.0,10.599999999999998,3.6000000000000014,3.6000000000000014,1.6999999999999993,12.2,0.2857142857142857,0.17647058823529413,0.11764705882352941,0.23529411764705882,0.5210084033613446,0.12605042016806722,0.44537815126050423,0.008403361344537815
KSEA,Seattle,9,90,20.6,17.0,8.3,2.799999999999999,3.3000000000000007,1.0999999999999979,10.975,0.3888888888888889,0.18888888888888888,0.2,0.4,0.2777777777777778,0.07777777777777778,0.2222222222222222,0.0
KSEA,Seattle,10,93,16.1,15.883333333333333,6.599999999999998,2.200000000000001,2.5,0.25,8.9,0.3655913978494624,0.3010752688172043,0.3548387096774194,0.4838709677419355,0.07526881720430108,0.08602150537634409,0.0967741935483871,0.0
KSEA,Seattle,11,90,10.0,14.883333333333333,5.500000000000001,1.649999999999999,1.4,-0.8499999999999996,3.3,0.35555555555555557,0.3333333333333333,0.4,0.5777777777777777,0.0,0.011111111111111112,0.0,0.0
KSEA,Seattle,12,94,8.600000000000001,14.866666666666667,4.999999999999999,0.8500000000000014,1.0999999999999996,-0.5999999999999996,3.9,0.48936170212765956,0.5106382978723404,0.4787234042553192,0.7021276595744681,0.010638297872340425,0.031914893617021274,0.0,0.0
LFPG,Paris,1,124,7.75,15.5,5.0,0.29999999999999993,1.45,0.5,2.0,0.5,0.5161290322580645,0.5080645161290323,0.31451612903225806,0.056451612903225805,0.016129032258064516,0.0,0.0
LFPG,Paris,2,113,10.1,16.5,6.0,1.0,2.0,1.0,4.2,0.4247787610619469,0.5132743362831859,0.39823008849557523,0.24778761061946902,0.11504424778761062,0.0,0.008849557522123894,0.0
LFPG,Paris,3,120,13.4,16.5,8.0,2.5,3.0999999999999996,1.0,4.05,0.275,0.24166666666666667,0.23333333333333334,0.2916666666666667,0.175,0.058333333333333334,0.06666666666666667,0.0
LFPG,Paris,4,120,16.05,17.5,9.2,3.0,3.4000000000000004,1.5499999999999998,5.25,0.25,0.24166666666666667,0.16666666666666666,0.26666666666666666,0.4083333333333333,0.025,0.15,0.0
LFPG,Paris,5,123,20.0,17.5,10.1,3.5,3.1999999999999993,1.5999999999999996,10.0,0.23577235772357724,0.23577235772357724,0.2032520325203252,0.1951219512195122,0.3983739837398374,0.016260162601626018,0.21138211382113822,0.0
LFPG,Paris,6,120,25.0,18.0,10.75,3.8500000000000005,3.599999999999998,1.8999999999999986,12.0,0.11666666666666667,0.125,0.09166666666666666,0.175,0.4666666666666667,0.008333333333333333,0.275,0.008333333333333333
LFPG,Paris,7,124,26.0,18.0,10.05,3.5,3.0,2.0,12.0,0.1935483870967742,0.1935483870967742,0.07258064516129033,0.18548387096774194,0.5241935483870968,0.008064516129032258,0.25806451612903225,0.016129032258064516
LFPG,Paris,8,116,27.0,18.0,10.35,3.1999999999999993,4.0,2.0,13.0,0.15517241379310345,0.1206896551724138,0.07758620689655173,0.16379310344827586,0.5775862068965517,0.017241379310344827,0.2413793103448276,0.02586206896551724
LFPG,Paris,9,90,22.0,17.0,8.700000000000001,2.25,3.6000000000000005,1.3999999999999986,12.85,0.2111111111111111,0.16666666666666666,0.13333333333333333,0.34444444444444444,0.3888888888888889,0.011111111111111112,0.15555555555555556,0.0
LFPG,Paris,10,93,19.0,17.0,7.0,1.0,3.1000000000000014,1.0,12.0,0.27956989247311825,0.23655913978494625,0.26881720430107525,0.3870967741935484,0.2903225806451613,0.03225806451612903,0.08602150537634409,0.0
LFPG,Paris,11,86,12.05,15.0,5.4,1.0,2.0,0.0,7.6,0.4418604651162791,0.4069767441860465,0.43023255813953487,0.4418604651162791,0.05813953488372093,0.0,0.0,0.0
LFPG,Paris,12,92,9.0,16.0,4.0,0.0,1.0,0.0,4.0,0.6195652173913043,0.5434782608695652,0.5543478260869565,0.43478260869565216,0.05434782608695652,0.010869565217391304,0.0,0.0
LLBG,Tel Aviv,1,124,19.8,13.5,10.9,6.4,2.8,-1.2,9.6,0.259408602151,0.27688172043,0.064516129032,0.451612903226,0,0.016129032258,0.120967741935,0
LLBG,Tel Aviv,2,113,18.6,13.5,10,5.3,2.2,-0.8,8.6,0.342182890855,0.312684365782,0.035398230088,0.495575221239,0,0.008849557522,0.12389380531,0
LLBG,Tel Aviv,3,120,21,13.5,11.1,6.5,1.9,-0.9,9.4,0.271708683473,0.230555555556,0.058333333333,0.283333333333,0.016666666667,0.008333333333,0.175,0
LLBG,Tel Aviv,4,120,24.5,14,10.7,5.8,2.8,-0.2,12.3,0.257703081232,0.104519774011,0.108333333333,0.125,0.058333333333,0.025,0.191666666667,0.008333333333
LLBG,Tel Aviv,5,124,27,14,10.1,5.2,2.3,-0.2,14.6,0.159891598916,0.108401084011,0.064516129032,0.072580645161,0.048387096774,0.016129032258,0.16935483871,0
LLBG,Tel Aviv,6,120,30.3,14,9,4.9,2.1,-0.2,19.3,0.255555555556,0.0125,0.025,0.025,0.008333333333,0.025,0.075,0
LLBG,Tel Aviv,7,124,32.7,14,9.1,4.9,2.3,-0.2,21.6,0.161202185792,0.013440860215,0.024193548387,0,0,0.008064516129,0.08064516129,0
LLBG,Tel Aviv,8,118,33,14,8.3,4.7,2.3,-0.3,21.8,0.183908045977,0.038793103448,0.008474576271,0.008474576271,0,0.008474576271,0.016949152542,0.008474576271
LLBG,Tel Aviv,9,90,31.9,14,10,5.9,2.7,-0.4,20.2,0.064814814815,0.041198501873,0.011111111111,0.066666666667,0.011111111111,0.011111111111,0.166666666667,0
LLBG,Tel Aviv,10,93,29.5,13.5,10.8,6.4,2.7,-0.7,17.6,0.163082437276,0.098566308244,0.032258064516,0.129032258065,0,0.043010752688,0.129032258065,0
LLBG,Tel Aviv,11,86,26.1,12.5,11.2,7,1.9,-1.7,14.4,0.15503875969,0.141472868217,0.023255813953,0.290697674419,0,0.023255813953,0.151162790698,0
LLBG,Tel Aviv,12,92,22.6,13.5,12.2,7.6,2.7,-1.5,11.6,0.115942028986,0.104395604396,0.04347826087,0.29347826087,0,0,0.184782608696,0.010869565217
LTAC,Ankara,1,124,8.0,16.333333333333332,9.25,2.5,3.75,0.5999999999999996,-1.5,0.3870967741935484,0.33064516129032256,0.6209677419354839,0.21774193548387097,0.24193548387096775,0.04032258064516129,0.0,0.0
LTAC,Ankara,2,113,7.1,16.333333333333332,10.0,3.7,4.0,0.5,-3.0,0.3008849557522124,0.3008849557522124,0.336283185840708,0.168141592920354,0.18584070796460178,0.02654867256637168,0.0,0.0
LTAC,Ankara,3,120,12.0,16.333333333333332,12.0,5.5,3.5,0.5,-1.5,0.19166666666666668,0.20833333333333334,0.18333333333333332,0.21666666666666667,0.20833333333333334,0.016666666666666666,0.13333333333333333,0.0
LTAC,Ankara,4,120,18.0,16.333333333333332,13.0,6.0,3.0,0.5,2.0,0.14166666666666666,0.25,0.05,0.225,0.25833333333333336,0.008333333333333333,0.125,0.0
LTAC,Ankara,5,123,21.0,16.833333333333332,14.0,6.0,3.0,1.0,6.0,0.2032520325203252,0.36585365853658536,0.07317073170731707,0.3170731707317073,0.34146341463414637,0.0,0.17073170731707318,0.0
LTAC,Ankara,6,120,27.0,16.833333333333332,15.0,6.0,3.0,1.0,9.0,0.058333333333333334,0.21666666666666667,0.041666666666666664,0.25,0.325,0.008333333333333333,0.275,0.0
LTAC,Ankara,7,124,31.0,17.333333333333332,15.5,6.25,3.5,1.0,8.0,0.016129032258064516,0.12903225806451613,0.0,0.10483870967741936,0.4435483870967742,0.0,0.33064516129032256,0.0
LTAC,Ankara,8,116,32.0,17.083333333333332,14.75,6.5,3.5,1.5,8.25,0.008620689655172414,0.06896551724137931,0.008620689655172414,0.034482758620689655,0.47413793103448276,0.0,0.29310344827586204,0.0
LTAC,Ankara,9,90,27.0,16.333333333333332,14.0,7.5,4.0,1.0,7.0,0.06666666666666667,0.1,0.05555555555555555,0.12222222222222222,0.2777777777777778,0.0,0.3,0.0
LTAC,Ankara,10,93,20.0,15.833333333333334,15.0,8.0,4.0,0.5,4.0,0.0967741935483871,0.06451612903225806,0.021505376344086023,0.053763440860215055,0.11827956989247312,0.010752688172043012,0.1935483870967742,0.0
LTAC,Ankara,11,86,14.0,15.833333333333334,12.2,4.5,3.5,0.0,3.0,0.2558139534883721,0.26744186046511625,0.29069767441860467,0.18604651162790697,0.05813953488372093,0.0,0.011627906976744186,0.0
LTAC,Ankara,12,92,9.0,15.833333333333334,8.0,2.0,3.0,0.0,2.0,0.4782608695652174,0.41304347826086957,0.6413043478260869,0.2608695652173913,0.06521739130434782,0.06521739130434782,0.0,0.0
NZWN,Wellington,1,124,21.0,16.5,6.0,2.0,1.5,0.0,14.0,0.4032258064516129,0.2661290322580645,0.1693548387096774,0.0,0.25,0.024193548387096774,0.11290322580645161,0.024193548387096774
NZWN,Wellington,2,113,22.0,16.0,6.0,2.0,1.5,0.0,14.0,0.4336283185840708,0.3008849557522124,0.20353982300884957,0.0,0.168141592920354,0.07079646017699115,0.07964601769911504,0.035398230088495575
NZWN,Wellington,3,121,20.0,16.0,5.0,1.5,1.5,0.0,13.0,0.4297520661157025,0.3305785123966942,0.23140495867768596,0.0,0.21487603305785125,0.049586776859504134,0.08264462809917356,0.0
NZWN,Wellington,4,119,18.0,15.0,5.0,2.0,1.0,-0.5,11.5,0.3277310924369748,0.29411764705882354,0.20168067226890757,0.0,0.03361344537815126,0.01680672268907563,0.05042016806722689,0.01680672268907563
NZWN,Wellington,5,124,16.0,15.0,5.0,1.5,1.0,-0.5,10.0,0.3951612903225806,0.31451612903225806,0.27419354838709675,0.0,0.04032258064516129,0.04032258064516129,0.03225806451612903,0.0
NZWN,Wellington,6,120,14.0,14.5,5.0,1.0,1.0,-0.5,8.5,0.4,0.3,0.23333333333333334,0.0,0.058333333333333334,0.008333333333333333,0.016666666666666666,0.0
NZWN,Wellington,7,124,13.0,15.5,5.0,1.5,1.0,-0.5,8.0,0.3548387096774194,0.3467741935483871,0.29838709677419356,0.0,0.04838709677419355,0.008064516129032258,0.024193548387096774,0.0
NZWN,Wellington,8,118,13.0,15.5,4.5,1.25,1.0,-0.5,7.0,0.4745762711864407,0.4830508474576271,0.2627118644067797,0.0,0.05084745762711865,0.01694915254237288,0.0423728813559322,0.0
NZWN,Wellington,9,90,15.0,15.0,5.0,2.0,1.0,-0.5,8.75,0.36666666666666664,0.4,0.2222222222222222,0.0,0.07777777777777778,0.022222222222222223,0.07777777777777778,0.0
NZWN,Wellington,10,93,16.0,16.5,5.0,2.0,1.5,0.0,9.0,0.45161290322580644,0.43010752688172044,0.21505376344086022,0.0,0.12903225806451613,0.053763440860215055,0.11827956989247312,0.0
NZWN,Wellington,11,87,18.0,16.0,5.0,2.0,1.0,0.0,11.5,0.5057471264367817,0.3563218390804598,0.1839080459770115,0.0,0.1839080459770115,0.04597701149425287,0.04597701149425287,0.0
NZWN,Wellington,12,93,20.0,16.0,5.0,1.5,1.0,0.0,14.0,0.4838709677419355,0.3548387096774194,0.23655913978494625,0.0,0.17204301075268819,0.07526881720430108,0.07526881720430108,0.03225806451612903
RJTT,Tokyo,1,124,10,14.4,6,2.4,1.5,-0.2,-1.9,0.364711575687,0.363818484383,0.064516129032,0.258064516129,0.056451612903,0.008064516129,0,0
RJTT,Tokyo,2,113,10,14.4,6,2.6,1.6,-0.2,-1.8,0.434295547127,0.401162382357,0.070796460177,0.300884955752,0.026548672566,0.008849557522,0.017699115044,0
RJTT,Tokyo,3,121,14,14.1,7,2.2,1.5,0,4.4,0.486800511165,0.466303187942,0.206611570248,0.520661157025,0.03305785124,0.03305785124,0.00826446281,0
RJTT,Tokyo,4,119,20,13.8,7,2.2,1.3,-0.3,11.5,0.537030196694,0.478991596639,0.226890756303,0.487394957983,0.008403361345,0.008403361345,0.016806722689,0.016806722689
RJTT,Tokyo,5,124,23,13.8,6.5,2,1.3,-0.5,14.4,0.554166666667,0.495160665892,0.201612903226,0.459677419355,0.008064516129,0.008064516129,0.008064516129,0.096774193548
RJTT,Tokyo,6,120,27,13.5,6,1.8,1.3,-0.7,20,0.556302521008,0.432404100529,0.241666666667,0.458333333333,0.016666666667,0.008333333333,0,0.4
RJTT,Tokyo,7,124,32,13.2,6,2.2,1.2,-1,23.9,0.460714285714,0.32363671275,0.161290322581,0.411290322581,0,0.008064516129,0,0.564516129032
RJTT,Tokyo,8,118,33,13,6,2.2,0.8,-0.8,25.1,0.513392857143,0.356273291925,0.177966101695,0.398305084746,0.016949152542,0,0,0.593220338983
RJTT,Tokyo,9,90,29,13.2,5,2,1,-0.7,23.4,0.638041733547,0.493827160494,0.233333333333,0.5,0,0,0,0.733333333333
RJTT,Tokyo,10,93,23,14,6,2.3,1.2,-0.2,14.6,0.548387096774,0.553571428571,0.193548387097,0.440860215054,0,0,0,0.193548387097
RJTT,Tokyo,11,87,18,13.8,6,2.3,1.3,-0.3,9.3,0.446113847838,0.416251384275,0.114942528736,0.333333333333,0.011494252874,0,0.011494252874,0.011494252874
RJTT,Tokyo,12,93,13,14.2,7,2.4,1.7,-0.3,1.1,0.340885816692,0.281625258799,0.021505376344,0.150537634409,0.032258064516,0,0,0
RKSI,Seoul,1,124,3.0,16.0,7.0,2.0,2.0,0.0,-7.0,0.2661290322580645,0.3064516129032258,0.27419354838709675,0.0,0.21774193548387097,0.008064516129032258,0.016129032258064516,0.0
RKSI,Seoul,2,113,5.0,15.5,8.0,3.0,2.5,0.0,-4.5,0.19469026548672566,0.18584070796460178,0.30973451327433627,0.0,0.22123893805309736,0.035398230088495575,0.017699115044247787,0.0
RKSI,Seoul,3,120,11.0,15.0,9.0,3.75,2.5,-0.5,0.5,0.225,0.15833333333333333,0.38333333333333336,0.0,0.11666666666666667,0.1,0.13333333333333333,0.0
RKSI,Seoul,4,119,17.0,14.5,9.0,4.0,2.0,-1.0,5.5,0.24369747899159663,0.17647058823529413,0.35294117647058826,0.0,0.05042016806722689,0.025210084033613446,0.12605042016806722,0.0
RKSI,Seoul,5,124,22.0,14.5,8.0,3.5,1.5,-1.0,11.5,0.22580645161290322,0.1693548387096774,0.25806451612903225,0.0,0.07258064516129033,0.0,0.06451612903225806,0.008064516129032258
RKSI,Seoul,6,120,25.0,15.0,7.0,3.0,1.5,-0.5,18.0,0.4,0.26666666666666666,0.3333333333333333,0.0,0.08333333333333333,0.008333333333333333,0.0,0.3333333333333333
RKSI,Seoul,7,124,29.0,15.5,6.0,2.5,1.0,0.0,23.5,0.46774193548387094,0.3709677419354839,0.3629032258064516,0.0,0.12903225806451613,0.008064516129032258,0.0,0.8387096774193549
RKSI,Seoul,8,118,30.0,15.5,6.0,2.0,1.5,0.0,24.0,0.2966101694915254,0.23728813559322035,0.13559322033898305,0.0,0.15254237288135594,0.0,0.0,0.8135593220338984
RKSI,Seoul,9,90,27.0,15.5,7.0,3.0,2.0,0.0,19.0,0.18888888888888888,0.2,0.1111111111111111,0.0,0.1111111111111111,0.022222222222222223,0.011111111111111112,0.43333333333333335
RKSI,Seoul,10,93,20.0,15.5,8.0,3.25,2.0,0.0,11.0,0.13978494623655913,0.15053763440860216,0.13978494623655913,0.0,0.12903225806451613,0.010752688172043012,0.010752688172043012,0.021505376344086023
RKSI,Seoul,11,87,14.0,15.0,8.0,2.5,2.0,-0.5,4.25,0.22988505747126436,0.1839080459770115,0.21839080459770116,0.0,0.08045977011494253,0.05747126436781609,0.011494252873563218,0.0
RKSI,Seoul,12,93,4.0,15.5,7.0,2.0,2.0,0.0,-6.5,0.3118279569892473,0.3225806451612903,0.16129032258064516,0.0,0.15053763440860216,0.021505376344086023,0.0,0.0
SAEZ,Buenos Aires,1,124,31.15,16.0,12.0,4.9,3.5999999999999996,1.0999999999999979,13.7,0.18548387096774194,0.1935483870967742,0.08870967741935484,0.11290322580645161,0.25,0.024193548387096774,0.1693548387096774,0.1532258064516129
SAEZ,Buenos Aires,2,113,30.0,16.0,12.0,4.800000000000001,3.3249999999999993,1.1999999999999993,15.15,0.23893805309734514,0.25663716814159293,0.17699115044247787,0.168141592920354,0.3185840707964602,0.008849557522123894,0.22123893805309736,0.24778761061946902
SAEZ,Buenos Aires,3,120,27.0,16.0,11.0,4.399999999999999,3.1499999999999986,1.0,15.35,0.23333333333333334,0.23333333333333334,0.18333333333333332,0.18333333333333332,0.26666666666666666,0.008333333333333333,0.058333333333333334,0.24166666666666667
SAEZ,Buenos Aires,4,120,22.15,16.0,11.0,4.225000000000001,3.4750000000000005,0.8000000000000007,12.05,0.25833333333333336,0.3,0.375,0.20833333333333334,0.15,0.025,0.025,0.03333333333333333
SAEZ,Buenos Aires,5,124,18.15,15.0,10.450000000000001,2.8000000000000007,3.9499999999999993,0.4499999999999993,8.75,0.33064516129032256,0.2903225806451613,0.4112903225806452,0.12903225806451613,0.04838709677419355,0.024193548387096774,0.008064516129032258,0.04838709677419355
SAEZ,Buenos Aires,6,120,16.0,16.0,10.25,2.599999999999999,4.125000000000001,0.7750000000000004,6.025,0.31666666666666665,0.25,0.43333333333333335,0.041666666666666664,0.2,0.041666666666666664,0.05,0.016666666666666666
SAEZ,Buenos Aires,7,124,15.25,16.0,10.0,2.0,4.35,0.8999999999999986,6.8,0.33064516129032256,0.24193548387096775,0.3870967741935484,0.08870967741935484,0.1935483870967742,0.07258064516129033,0.04032258064516129,0.0
SAEZ,Buenos Aires,8,117,16.8,16.0,10.8,3.600000000000001,3.8499999999999996,0.875,5.1,0.3076923076923077,0.3418803418803419,0.2905982905982906,0.11965811965811966,0.28205128205128205,0.008547008547008548,0.05982905982905983,0.0
SAEZ,Buenos Aires,9,90,20.3,16.0,12.0,4.987499999999999,3.599999999999998,0.7499999999999982,6.325,0.16666666666666666,0.2111111111111111,0.17777777777777778,0.1,0.15555555555555556,0.011111111111111112,0.16666666666666666,0.011111111111111112
SAEZ,Buenos Aires,10,93,23.5,16.0,12.000000000000002,5.400000000000002,3.5500000000000007,0.8000000000000007,9.8,0.23655913978494625,0.24731182795698925,0.15053763440860216,0.10752688172043011,0.1935483870967742,0.03225806451612903,0.1935483870967742,0.03225806451612903
SAEZ,Buenos Aires,11,87,27.3,16.0,12.0,5.0,3.0,0.8500000000000014,11.4,0.19540229885057472,0.14942528735632185,0.16091954022988506,0.12643678160919541,0.21839080459770116,0.0,0.1839080459770115,0.022988505747126436
SAEZ,Buenos Aires,12,93,29.0,17.0,12.100000000000001,4.699999999999999,3.1999999999999993,1.3500000000000014,11.7,0.20430107526881722,0.15053763440860216,0.07526881720430108,0.13978494623655913,0.3763440860215054,0.03225806451612903,0.24731182795698925,0.07526881720430108
SBGR,Sao Paulo,1,124,29.0,14.0,9.0,4.0,2.0,-1.0,19.0,0.5564516129032258,0.6209677419354839,0.25,0.0,0.12903225806451613,0.0,0.0,0.4435483870967742
SBGR,Sao Paulo,2,113,29.0,15.0,10.0,4.0,3.0,-1.0,19.0,0.4336283185840708,0.5575221238938053,0.17699115044247787,0.0,0.17699115044247787,0.0,0.0,0.48672566371681414
SBGR,Sao Paulo,3,120,29.5,15.0,10.0,5.0,3.0,-0.5,19.0,0.5416666666666666,0.5083333333333333,0.19166666666666668,0.0,0.19166666666666668,0.0,0.0,0.425
SBGR,Sao Paulo,4,119,26.0,15.0,9.0,3.5,3.0,0.0,17.0,0.6554621848739496,0.6218487394957983,0.25210084033613445,0.0,0.18487394957983194,0.03361344537815126,0.0,0.21008403361344538
SBGR,Sao Paulo,5,123,24.0,15.0,10.0,3.5,4.0,0.0,14.0,0.5528455284552846,0.44715447154471544,0.23577235772357724,0.0,0.2601626016260163,0.0,0.032520325203252036,0.0
SBGR,Sao Paulo,6,120,24.0,15.0,12.0,4.0,4.0,0.0,12.0,0.4583333333333333,0.3333333333333333,0.36666666666666664,0.0,0.3,0.016666666666666666,0.03333333333333333,0.0
SBGR,Sao Paulo,7,124,23.5,16.0,11.0,3.25,5.0,0.0,11.0,0.532258064516129,0.3790322580645161,0.3709677419354839,0.0,0.3790322580645161,0.06451612903225806,0.024193548387096774,0.0
SBGR,Sao Paulo,8,116,26.0,15.0,12.0,4.0,5.0,0.0,10.0,0.5431034482758621,0.43103448275862066,0.29310344827586204,0.0,0.3448275862068966,0.034482758620689655,0.09482758620689655,0.0
SBGR,Sao Paulo,9,90,28.0,15.0,13.0,4.0,4.0,0.0,14.0,0.5,0.3111111111111111,0.3111111111111111,0.0,0.24444444444444444,0.07777777777777778,0.1111111111111111,0.0
SBGR,Sao Paulo,10,93,27.0,14.0,10.0,3.5,3.0,-1.0,17.0,0.6021505376344086,0.46236559139784944,0.34408602150537637,0.0,0.16129032258064516,0.021505376344086023,0.021505376344086023,0.15053763440860216
SBGR,Sao Paulo,11,86,27.0,14.0,10.0,4.0,3.0,-1.0,16.5,0.6627906976744186,0.5465116279069767,0.19767441860465115,0.0,0.046511627906976744,0.023255813953488372,0.0,0.1744186046511628
SBGR,Sao Paulo,12,92,28.0,14.0,10.0,4.0,3.0,-1.0,19.0,0.5760869565217391,0.6304347826086957,0.14130434782608695,0.0,0.15217391304347827,0.0,0.021739130434782608,0.31521739130434784
VHHH,Hong Kong,1,124,21,14.3,5,1.8,1.3,0.1,10.7,0.410813492063,0.372203020993,0.088709677419,0.225806451613,0.032258064516,0,0,0.016129032258
VHHH,Hong Kong,2,113,21,14.5,5,1.5,1.4,0.1,12.1,0.615373711834,0.533572130917,0.176991150442,0.318584070796,0.017699115044,0,0,0.044247787611
VHHH,Hong Kong,3,121,25,14,6,2.1,1.3,-0.1,16.1,0.55829387928,0.521455318724,0.198347107438,0.338842975207,0.03305785124,0.00826446281,0,0.239669421488
VHHH,Hong Kong,4,119,28,14,5,1.9,1,-0.2,21,0.60524815987,0.555751694617,0.168067226891,0.411764705882,0.016806722689,0.008403361345,0,0.428571428571
VHHH,Hong Kong,5,124,29.2,14,4.5,1.6,0.9,-0.3,22.6,0.570336018282,0.601241164118,0.258064516129,0.524193548387,0.008064516129,0,0,0.532258064516
VHHH,Hong Kong,6,120,32,14,4.5,1.5,0.8,-0.2,24.7,0.593036594362,0.658776616902,0.441666666667,0.725,0,0,0,0.733333333333
VHHH,Hong Kong,7,124,33.8,14.5,5,1.7,1.1,-0.1,24.7,0.389333397469,0.407206827671,0.322580645161,0.532258064516,0.032258064516,0,0,0.346774193548
VHHH,Hong Kong,8,118,32.7,14.3,5,1.5,1.1,0.1,24.8,0.400178884953,0.491914033116,0.305084745763,0.610169491525,0.025423728814,0,0,0.533898305085
VHHH,Hong Kong,9,90,33,14.6,5,2.2,1.2,0,23.6,0.342044846539,0.376328693093,0.2,0.433333333333,0.011111111111,0,0,0.3
VHHH,Hong Kong,10,93,30,14,5,2.1,1.3,-0.2,19,0.261280542179,0.311239119304,0.032258064516,0.182795698925,0.010752688172,0,0,0.10752688172
VHHH,Hong Kong,11,87,27,14,5,1.7,1.1,-0.2,18.7,0.457951770452,0.47342192691,0.080459770115,0.35632183908,0.011494252874,0,0,0.310344827586
VHHH,Hong Kong,12,93,21,14.8,5,1.7,1.6,0.3,9,0.359881388453,0.285347653554,0.05376344086,0.161290322581,0.05376344086,0,0,0.043010752688
VILK,Lucknow,1,124,18.9,14.5,9.600000000000001,2.0,4.0,0.5,11.0,0.3387096774193548,0.12903225806451613,0.9838709677419355,0.16129032258064516,0.20161290322580644,0.20161290322580644,0.016129032258064516,0.0
VILK,Lucknow,2,112,26.6,14.5,14.1,8.0,4.0,0.5,12.2,0.044642857142857144,0.017857142857142856,0.9910714285714286,0.07142857142857142,0.07142857142857142,0.044642857142857144,0.16964285714285715,0.0
VILK,Lucknow,3,120,31.8,14.5,15.0,8.5,3.5,0.5,14.0,0.0,0.0,1.0,0.075,0.06666666666666667,0.0,0.48333333333333334,0.0
VILK,Lucknow,4,119,38.2,14.5,15.100000000000001,8.0,3.5,0.5,12.75,0.0,0.03361344537815126,0.9831932773109243,0.058823529411764705,0.14285714285714285,0.0,0.6050420168067226,0.0
VILK,Lucknow,5,124,38.2,14.5,12.0,5.0,3.5,1.0,20.5,0.024193548387096774,0.16129032258064516,1.0,0.16129032258064516,0.23387096774193547,0.008064516129032258,0.1774193548387097,0.04032258064516129
VILK,Lucknow,6,120,39.4,14.5,10.55,4.5,3.0,0.5,23.0,0.058333333333333334,0.3,0.9833333333333333,0.25,0.25,0.0,0.06666666666666667,0.35833333333333334
VILK,Lucknow,7,124,34.5,14.5,6.699999999999999,2.0,2.0,0.5,27.0,0.12096774193548387,0.6612903225806451,1.0,0.6209677419354839,0.1532258064516129,0.0,0.0,0.9838709677419355
VILK,Lucknow,8,116,33.4,14.5,6.600000000000001,2.5,1.5,0.0,27.0,0.2413793103448276,0.6551724137931034,1.0,0.7413793103448276,0.11206896551724138,0.0,0.0,0.9568965517241379
VILK,Lucknow,9,90,33.0,14.5,7.300000000000001,3.0,1.5,0.0,25.5,0.24444444444444444,0.7222222222222222,1.0,0.5888888888888889,0.05555555555555555,0.0,0.0,0.7666666666666667
VILK,Lucknow,10,93,32.5,14.5,10.899999999999999,6.0,2.5,-0.5,21.0,0.053763440860215055,0.26881720430107525,0.978494623655914,0.13978494623655913,0.0,0.0,0.053763440860215055,0.08602150537634409
VILK,Lucknow,11,88,28.2,14.5,12.7,7.5,3.5,-0.5,14.0,0.0,0.011363636363636364,0.9772727272727273,0.022727272727272728,0.0,0.0,0.045454545454545456,0.0
VILK,Lucknow,12,90,24.0,14.5,13.0,6.85,4.0,-0.5,11.325,0.06666666666666667,0.03333333333333333,0.9888888888888889,0.07777777777777778,0.06666666666666667,0.03333333333333333,0.022222222222222223,0.0
WSSS,Singapore,1,124,30.7,14,5.8,2.5,1.8,-0.2,23.8,0.41610459433,0.439618535586,0.322580645161,0.572580645161,0.008064516129,0,0,0.741935483871
WSSS,Singapore,2,113,31.2,14,6.6,2.7,2.1,-0.2,23.7,0.395863183031,0.360558959232,0.238938053097,0.433628318584,0,0,0,0.575221238938
WSSS,Singapore,3,121,32,14.5,6.6,2.8,2,-0.3,24,0.404845060777,0.428040913335,0.347107438017,0.545454545455,0,0,0,0.578512396694
WSSS,Singapore,4,119,32.2,13.5,7,3,1.4,-0.5,24.5,0.3220627645,0.368836322408,0.428571428571,0.63025210084,0,0,0,0.638655462185
WSSS,Singapore,5,124,32.5,14,6,2.4,1.3,-0.2,24.8,0.372781825221,0.361617740886,0.314516129032,0.483870967742,0.016129032258,0,0,0.612903225806
WSSS,Singapore,6,120,32,14,6,2.2,1.4,0.1,24.4,0.385953169146,0.432751924002,0.333333333333,0.55,0,0,0,0.75
WSSS,Singapore,7,124,32,14.2,5.5,1.9,1.4,-0,24.4,0.365923637295,0.372337720523,0.25,0.395161290323,0,0,0,0.717741935484
WSSS,Singapore,8,118,31.8,14,5.5,1.9,1.2,-0.2,24,0.435405781958,0.440776297457,0.296610169492,0.533898305085,0,0,0,0.652542372881
WSSS,Singapore,9,90,31.7,13.9,5.7,2.1,1.4,-0.2,23.9,0.44531835206,0.473033108867,0.255555555556,0.488888888889,0,0,0,0.611111111111
WSSS,Singapore,10,93,32.1,14,6.4,2.6,1.4,-0.2,23.9,0.373127746162,0.404604356217,0.344086021505,0.612903225806,0,0,0,0.505376344086
WSSS,Singapore,11,87,31.5,13,7,3.1,1.3,-0.8,24.3,0.402424997483,0.528478433711,0.436781609195,0.816091954023,0,0,0,0.689655172414
WSSS,Singapore,12,93,31,13.5,6,2.6,1.5,-0.7,24.2,0.513936856794,0.496519543259,0.397849462366,0.720430107527,0.010752688172,0,0,0.860215053763
ZSPD,Shanghai,1,124,10.5,13.4,7,3,1.3,-1.1,0.9,0.235215053763,0.275537634409,0.403225806452,0.282258064516,0,0.008064516129,0.064516129032,0
ZSPD,Shanghai,2,113,9,13.5,6,2.2,1,-0.8,1.3,0.333368450625,0.379056047198,0.362831858407,0.398230088496,0,0,0.026548672566,0
ZSPD,Shanghai,3,121,15,13.5,8,3,1.5,-1.2,5.7,0.301044634378,0.24824929972,0.330578512397,0.371900826446,0,0,0.132231404959,0
ZSPD,Shanghai,4,119,21,13.2,9,3.2,1.5,-1.3,11.6,0.334370111681,0.258303321329,0.310924369748,0.336134453782,0.008403361345,0.008403361345,0.100840336134,0.025210084034
ZSPD,Shanghai,5,124,25,13.2,7,3,0.8,-1,15.6,0.263646922184,0.221409214092,0.314516129032,0.33064516129,0.016129032258,0,0.104838709677,0.193548387097
ZSPD,Shanghai,6,120,28,13.5,6.5,2.4,1.1,-0.5,22.2,0.368667466987,0.339500661376,0.4,0.491666666667,0,0,0.025,0.541666666667
ZSPD,Shanghai,7,124,33,13.5,7,2.5,1.2,-0.8,25.9,0.202755376344,0.267697132616,0.201612903226,0.33064516129,0,0,0,0.524193548387
ZSPD,Shanghai,8,118,34,13.2,7,3,1,-1,25.3,0.155747126437,0.19486863711,0.067796610169,0.186440677966,0,0,0,0.389830508475
ZSPD,Shanghai,9,90,29,12.5,5,2.2,0.7,-1.2,22.9,0.318518518519,0.332288359788,0.188888888889,0.344444444444,0,0,0,0.588888888889
ZSPD,Shanghai,10,93,23,12.6,7,2.7,0.7,-1.5,14.8,0.220304975923,0.287250384025,0.204301075269,0.311827956989,0,0,0,0.118279569892
ZSPD,Shanghai,11,87,20,12.5,7,3.2,0.9,-1.5,10.1,0.246124031008,0.261627906977,0.287356321839,0.275862068966,0,0,0.057471264368,0.045977011494
ZSPD,Shanghai,12,93,11,13.2,6,3.3,1.2,-1.3,0.5,0.194793301936,0.236050724638,0.236559139785,0.236559139785,0,0,0.075268817204,0
